Year,Genre_ID,Average_Rating,Total_Movies,Box_Office_Millions,Avg_Runtime_Minutes,Budget_Millions,Votes_Count,Popularity_Score
2000,1,5.4,177,125.93,105,104.7,271095,60.4
2000,1,6.8,35,281.79,167,47.52,499372,86.9
2000,1,7.5,90,5.0,176,155.71,382325,65.1
2000,1,7.0,278,98.81,106,131.42,83987,98.6
2000,1,6.7,204,89.71,178,234.62,410291,57.8
2000,1,5.1,53,331.17,147,145.84,413601,97.1
2000,2,7.9,245,37.23,127,63.84,115010,60.1
2000,2,7.6,116,24.06,140,32.66,157258,80.7
2000,2,8.0,98,296.34,101,240.35,200316,85.4
2000,2,6.9,249,34.23,170,212.12,473617,96.4
2000,2,6.0,45,23.39,148,248.2,457672,94.5
2000,3,6.0,291,103.44,127,172.36,75807,98.9
2000,3,6.3,297,692.08,95,107.58,270609,99.1
2000,3,5.6,205,153.51,97,116.33,195215,68.5
2000,4,7.1,220,29.8,98,15.02,307024,62.4
2000,4,4.6,273,71.52,104,188.85,452448,86.8
2000,5,7.9,162,123.59,125,67.73,199159,66.6
2000,5,8.9,49,456.95,115,149.62,379189,53.6
2000,5,7.9,90,169.59,88,104.02,453686,77.2
2000,6,5.5,188,72.33,171,118.01,148032,59.2
2000,6,6.5,121,185.75,145,23.6,247356,76.9
2000,6,8.9,295,98.63,123,225.5,251463,78.4
2000,6,6.7,139,73.47,156,167.94,139009,72.2
2000,6,7.3,101,42.58,143,235.5,167405,84.3
2000,6,6.8,215,88.64,88,249.17,171851,79.1
2000,6,8.0,299,245.86,171,42.45,188279,59.3
2000,7,4.6,184,17.8,118,24.31,481563,52.4
2000,8,6.5,298,75.43,164,41.43,296830,74.0
2000,8,4.7,74,117.96,171,145.78,159097,71.9
2000,8,6.1,153,51.38,141,106.65,281444,84.6
2000,8,8.7,168,447.0,143,149.95,33769,79.1
2000,8,7.3,138,108.98,171,176.09,106315,92.1
2000,8,8.0,35,117.02,155,236.81,126865,95.7
2000,8,6.5,37,30.75,142,84.9,192313,64.9
2000,9,5.0,241,302.1,160,100.97,468633,77.6
2000,9,6.7,34,78.3,106,152.62,130648,71.0
2000,9,6.9,128,464.65,134,44.39,57754,52.5
2000,9,6.2,123,182.5,162,161.55,73394,55.7
2000,9,6.0,21,34.64,93,85.69,315201,98.5
2001,1,4.8,212,400.63,159,66.12,350132,87.8
2001,1,5.6,123,549.61,107,184.91,484410,76.7
2001,1,4.8,51,110.0,158,77.28,465592,81.5
2001,2,5.6,34,20.88,168,212.72,351068,95.9
2001,2,5.0,89,6.59,122,22.15,409797,62.5
2001,2,5.2,55,11.54,179,41.72,193319,75.9
2001,3,6.8,80,29.82,174,19.63,44066,79.1
2001,3,7.3,88,120.44,92,51.92,127457,64.9
2001,3,8.2,65,95.1,164,201.8,225062,93.8
2001,4,8.0,114,210.26,144,19.98,433941,75.5
2001,4,5.3,83,309.11,105,247.97,90353,78.6
2001,5,5.7,200,423.14,88,207.87,331838,86.8
2001,5,9.0,206,0.43,127,141.15,120501,65.7
2001,5,5.0,210,119.55,87,24.89,357742,59.6
2001,5,5.0,208,409.99,107,46.35,414244,88.8
2001,5,6.8,216,79.49,118,124.02,410008,65.8
2001,6,5.6,224,77.32,148,26.65,315260,74.2
2001,6,8.1,56,337.56,126,31.57,495041,58.9
2001,7,7.3,198,344.57,95,173.13,163947,54.3
2001,7,8.3,274,74.31,142,105.12,289646,65.8
2001,7,5.6,131,107.84,103,33.52,341662,86.7
2001,8,4.8,234,107.84,142,80.4,93850,86.0
2001,8,7.0,122,6.97,179,83.38,94297,72.5
2001,8,6.3,208,195.98,133,171.21,190826,71.5
2001,9,8.2,139,12.12,130,142.83,300155,83.7
2002,1,9.0,234,126.82,135,90.26,160204,99.1
2002,1,7.6,93,36.11,165,64.31,394444,72.8
2002,1,7.9,162,33.58,102,178.15,370536,92.6
2002,1,6.3,293,66.0,97,134.45,395768,98.7
2002,1,4.5,51,386.61,131,217.94,217775,87.9
2002,1,4.7,131,116.93,159,129.1,443765,65.7
2002,1,5.0,69,162.92,103,86.07,265080,50.8
2002,2,5.9,49,47.01,132,175.43,44459,98.3
2002,3,8.5,160,305.76,175,30.19,300569,93.2
2002,3,8.8,217,155.17,171,108.71,245159,63.8
2002,3,7.5,298,89.35,144,96.07,268413,98.2
2002,4,5.9,297,230.47,86,76.5,187493,65.2
2002,4,9.1,33,99.35,97,71.49,333255,84.1
2002,5,8.0,157,225.04,143,171.37,311066,85.0
2002,5,5.7,297,124.28,133,106.49,341426,63.9
2002,5,6.4,194,262.95,108,246.96,160682,90.5
2002,5,5.7,142,321.5,99,185.26,371191,77.1
2002,6,4.6,179,339.61,106,105.28,289456,89.8
2002,6,5.0,77,141.76,139,13.33,336949,65.0
2002,7,7.1,200,48.95,173,203.3,468059,78.8
2002,7,8.2,147,351.13,88,95.58,232977,70.2
2002,7,7.6,239,1153.93,161,30.65,12962,67.1
2002,7,6.9,269,239.59,162,37.64,91678,85.7
2002,7,8.3,246,410.69,165,219.26,193150,60.9
2002,7,9.0,161,207.58,144,15.42,458364,57.3
2002,8,7.9,84,131.3,137,172.59,426189,96.0
2002,8,8.8,120,154.02,89,116.11,146698,57.4
2002,8,8.2,22,245.02,163,81.02,279720,88.9
2002,8,6.6,189,142.11,179,155.05,111957,77.2
2002,8,5.5,288,262.73,171,134.71,216341,87.8
2002,8,5.4,78,233.69,136,79.16,445874,64.3
2002,9,9.1,21,130.92,171,72.36,30670,87.5
2002,9,5.2,233,215.63,147,150.54,5011,61.2
2002,9,6.3,281,114.63,143,24.75,379422,60.5
2002,9,7.6,215,187.98,125,154.43,348855,97.6
2002,9,6.4,188,147.14,97,49.04,114218,56.3
2002,9,7.5,56,248.58,133,170.61,66679,67.4
2002,9,7.4,67,212.99,134,173.81,124745,75.1
2003,1,5.1,59,230.64,108,63.92,162771,83.5
2003,1,7.5,30,7.48,101,98.86,402954,62.8
2003,2,6.8,206,128.49,145,57.67,475365,64.7
2003,3,7.6,89,188.31,91,106.77,249090,77.9
2003,3,6.3,175,75.31,119,49.12,179734,74.1
2003,3,5.7,61,8.04,159,42.51,219599,52.8
2003,3,7.6,115,88.15,116,173.11,471949,56.7
2003,3,5.2,155,425.23,97,107.3,400017,83.0
2003,3,7.0,113,237.34,89,16.05,43317,56.5
2003,3,6.5,289,92.2,105,201.1,53344,90.6
2003,3,9.1,228,188.1,138,46.91,222421,71.1
2003,3,5.5,80,130.49,98,190.31,497246,85.9
2003,4,6.6,284,67.34,152,204.38,364154,93.3
2003,4,8.3,170,83.66,111,184.88,38394,53.3
2003,5,6.6,265,238.62,99,13.98,221935,64.2
2003,5,5.7,187,80.22,148,186.31,12549,51.7
2003,6,8.1,98,148.5,139,157.27,386350,57.0
2003,6,7.9,141,19.92,90,106.17,77396,84.0
2003,7,7.0,104,260.0,162,147.75,292568,92.5
2003,7,5.9,79,446.6,104,175.38,368747,65.0
2003,7,7.2,171,232.23,109,141.26,13379,63.4
2003,8,7.7,183,103.17,134,108.69,404040,87.7
2003,8,8.8,266,43.72,174,35.93,105127,89.0
2003,9,6.5,202,16.61,92,168.28,31480,92.1
2003,9,7.3,210,274.57,120,38.37,160132,78.9
2003,9,7.5,167,43.06,149,62.92,381069,51.7
2003,9,5.4,19,100.82,148,41.96,200618,85.1
2004,1,6.4,86,153.93,96,208.22,264136,88.3
2004,1,6.0,115,202.42,124,110.58,459819,52.8
2004,2,5.2,213,34.41,173,208.26,195152,88.2
2004,2,5.5,72,179.75,91,24.39,482937,93.1
2004,2,8.2,202,69.83,112,28.42,55675,71.9
2004,2,7.2,148,206.02,168,141.66,178926,77.3
2004,2,6.3,118,183.95,173,148.01,416685,65.5
2004,3,5.1,286,118.68,140,85.66,122684,64.3
2004,3,6.4,124,355.58,156,249.46,385096,78.8
2004,3,5.8,113,82.95,144,237.76,337606,56.4
2004,4,9.2,99,247.6,178,241.67,302549,61.4
2004,4,7.3,143,348.78,124,152.43,307606,94.6
2004,4,5.1,63,7.7,127,50.77,461900,86.2
2004,4,8.3,161,224.74,85,204.85,295499,83.8
2004,5,5.5,96,56.78,149,187.11,67985,53.2
2004,5,8.4,81,81.55,167,219.83,395002,72.9
2004,6,9.0,100,39.25,117,112.6,130553,69.6
2004,6,7.5,273,25.05,103,230.14,166707,85.4
2004,6,5.2,80,113.9,93,41.97,324036,76.9
2004,6,6.8,64,84.21,177,235.72,172616,51.5
2004,6,6.4,77,49.97,124,127.51,195824,72.9
2004,6,4.6,210,241.2,100,104.36,80795,68.0
2004,6,8.9,289,5.35,98,172.61,139925,85.7
2004,7,6.5,119,144.06,156,101.87,147768,53.8
2004,7,5.6,177,77.77,174,225.37,202798,83.8
2004,8,5.0,69,20.82,140,237.22,172277,55.9
2004,8,4.5,284,119.24,134,48.73,282209,60.2
2004,8,6.4,192,167.05,166,163.96,208440,96.7
2004,8,7.6,264,131.4,146,139.87,349586,72.9
2004,8,7.1,205,140.63,107,185.03,326724,71.8
2004,9,8.6,19,18.91,143,31.94,16116,74.7
2005,2,7.5,279,23.0,143,119.0,189305,86.8
2005,3,5.3,46,137.36,98,202.58,396460,55.0
2005,3,8.3,24,304.47,163,42.95,331763,90.7
2005,4,7.3,261,84.68,123,165.95,210884,75.4
2005,4,7.3,221,47.5,175,124.84,97426,74.2
2005,5,8.4,274,20.15,143,15.69,235856,64.1
2005,5,5.8,188,0.3,126,160.16,5136,81.9
2005,5,5.0,155,118.31,138,244.37,237042,98.9
2005,6,7.3,190,4.97,172,200.13,39871,51.1
2005,6,4.5,26,80.58,124,168.84,202239,50.5
2005,6,5.6,35,4.19,95,87.65,235453,73.8
2005,7,7.6,49,183.72,133,165.58,114793,86.9
2005,7,8.1,15,178.51,164,151.12,344829,85.3
2005,8,6.1,146,262.92,172,139.67,39185,66.8
2005,8,9.1,159,83.29,162,225.28,287198,51.4
2005,9,6.8,100,341.94,121,193.69,34896,70.9
2005,9,7.0,130,2.14,139,66.0,214286,69.3
2005,9,8.1,175,36.0,147,108.95,214893,52.6
2005,9,5.3,37,70.38,118,59.64,327160,88.0
2006,1,5.8,96,150.91,102,16.18,292230,52.3
2006,1,7.8,242,120.47,175,51.02,495670,55.0
2006,1,7.8,75,175.68,98,79.47,10637,97.3
2006,1,8.8,75,11.23,112,124.44,136393,70.4
2006,1,5.2,251,696.3,178,183.3,243878,99.3
2006,2,6.7,294,291.87,104,206.15,32105,87.9
2006,2,7.4,196,168.86,126,203.3,106072,71.2
2006,2,5.6,219,139.77,109,45.82,63287,51.7
2006,2,5.1,230,44.22,86,30.41,42081,62.9
2006,2,8.6,75,149.95,148,57.67,35409,95.5
2006,3,6.1,228,1.97,168,176.17,484498,73.7
2006,3,7.3,282,70.98,141,141.55,300477,56.4
2006,3,6.0,215,538.6,161,143.55,232237,62.2
2006,3,4.8,76,255.87,133,28.53,307899,84.8
2006,3,8.6,106,86.73,142,157.7,383650,94.7
2006,4,7.4,46,151.81,124,87.84,398783,68.4
2006,4,7.9,134,73.32,119,69.65,46689,55.4
2006,5,5.7,245,124.27,146,110.6,409456,81.1
2006,5,8.6,279,216.02,148,139.67,145926,78.9
2006,5,6.8,48,7.32,128,116.58,82463,97.3
2006,5,5.5,181,220.94,122,153.85,290014,76.2
2006,6,4.5,38,432.31,113,197.99,297303,52.6
2006,6,4.8,22,111.91,96,155.22,151644,76.4
2006,6,4.8,202,169.74,99,100.4,1363,91.1
2006,6,8.1,283,287.18,101,175.68,255822,98.2
2006,7,9.0,16,145.5,122,143.49,470116,58.4
2006,7,6.2,287,110.6,172,188.15,438480,56.3
2006,7,7.1,218,93.84,106,172.98,4089,59.8
2006,8,8.7,31,80.59,127,145.42,417704,72.2
2006,8,5.8,260,19.43,139,235.95,284353,85.5
2006,8,6.9,198,113.76,131,221.14,82268,67.7
2006,9,5.0,248,320.55,145,185.56,477471,59.9
2006,9,4.8,232,355.34,149,29.5,484178,99.0
2006,9,6.8,246,600.19,111,164.94,312438,99.2
2007,1,8.9,224,20.09,169,150.54,426232,89.6
2007,1,6.9,86,139.52,92,29.35,109255,67.9
2007,2,7.6,289,28.33,167,178.42,470643,93.3
2007,2,5.4,35,285.25,138,148.48,482862,68.3
2007,3,7.0,27,76.99,151,65.53,148646,66.7
2007,3,8.1,273,174.73,139,12.71,103478,50.8
2007,3,7.6,141,41.0,105,224.97,351532,83.8
2007,3,4.7,145,135.14,95,101.19,231693,54.3
2007,3,8.2,53,255.58,104,241.24,443953,71.5
2007,3,4.7,175,419.67,116,135.62,120392,84.5
2007,3,6.1,247,85.15,108,193.52,414440,63.2
2007,4,5.9,227,37.9,143,128.21,128732,73.4
2007,4,8.5,241,217.05,178,150.29,56830,65.8
2007,4,8.9,274,6.96,131,84.93,497020,96.9
2007,5,4.8,127,190.76,158,191.75,278530,98.2
2007,5,7.3,132,5.49,97,154.59,480933,72.7
2007,5,9.0,132,185.36,164,151.2,377156,54.0
2007,5,6.8,106,265.26,100,160.08,38052,98.2
2007,5,8.2,272,118.74,122,164.94,58196,99.8
2007,5,7.4,91,1.2,132,172.11,226687,59.4
2007,7,7.1,257,135.02,106,190.58,51906,67.3
2007,7,6.1,282,70.08,141,198.26,330801,82.1
2007,8,5.2,71,30.09,95,218.97,143429,73.7
2007,8,7.0,150,566.52,105,171.34,496671,87.5
2007,8,7.4,142,679.48,119,197.65,406881,89.8
2007,9,7.6,58,34.81,159,96.66,183774,90.8
2007,9,9.1,227,34.31,106,133.47,185054,75.5
2007,9,5.3,35,47.51,122,152.51,398798,86.7
2008,1,5.3,61,67.45,173,148.84,7464,58.4
2008,1,7.6,44,46.97,100,83.87,79863,93.1
2008,1,5.4,78,116.72,115,205.29,211809,92.0
2008,1,6.6,256,435.38,176,83.54,6499,78.2
2008,2,5.1,172,96.77,161,247.68,313636,55.9
2008,2,8.2,276,65.97,174,191.23,4174,65.6
2008,2,6.6,96,405.74,179,112.36,133371,63.3
2008,3,5.3,84,51.62,98,74.36,239009,72.2
2008,3,6.4,172,223.28,145,45.21,368371,83.1
2008,4,7.1,114,128.48,132,233.3,407884,83.8
2008,4,6.4,182,65.79,146,62.49,47032,54.2
2008,4,9.1,65,103.39,133,24.89,52567,56.8
2008,4,6.7,79,6.43,119,191.93,154956,91.5
2008,5,7.1,231,265.58,122,46.94,90360,51.0
2008,5,7.0,225,329.58,172,239.83,199767,57.7
2008,5,5.1,168,127.26,135,216.8,204675,82.2
2008,5,4.7,141,428.52,90,176.0,354972,89.0
2008,6,8.0,104,215.52,150,112.27,284173,81.1
2008,6,8.1,276,228.04,157,121.68,363566,98.5
2008,8,4.6,227,29.06,114,194.46,334936,93.1
2008,8,5.2,237,170.7,144,209.56,488997,96.3
2008,8,8.4,178,298.14,94,153.83,160484,87.3
2008,9,8.2,90,17.64,111,159.46,301881,78.8
2008,9,8.6,192,154.43,160,47.49,172349,85.8
2008,9,5.4,215,192.63,132,176.42,17562,98.8
2008,9,7.6,153,64.36,105,60.43,356398,67.6
2009,1,8.3,254,550.9,138,243.93,493503,96.1
2009,1,8.5,106,57.54,136,48.75,274541,79.0
2009,1,8.0,198,2.21,147,24.98,495829,82.5
2009,2,8.7,39,97.88,98,192.4,280343,99.5
2009,3,7.7,177,14.98,124,52.46,264445,50.3
2009,4,6.0,95,193.64,165,168.26,364169,71.7
2009,4,8.1,282,34.49,173,161.22,386693,66.4
2009,4,5.2,215,39.51,144,193.81,263678,55.3
2009,5,7.3,134,317.11,88,147.28,364647,88.4
2009,5,8.5,80,511.93,143,213.87,99802,77.4
2009,5,6.1,98,7.77,107,49.21,282729,93.8
2009,5,9.0,61,370.22,115,52.97,43137,84.1
2009,5,7.3,78,152.4,108,27.46,170439,82.7
2009,5,6.5,166,20.44,92,182.84,308322,96.1
2009,6,5.6,287,6.48,105,19.42,405911,71.4
2009,6,7.0,81,79.57,175,44.43,311272,75.2
2009,7,8.8,59,84.42,159,208.32,56739,93.3
2009,7,7.4,159,84.21,151,72.72,465307,91.6
2009,8,8.5,151,164.88,115,19.45,68443,67.1
2009,8,5.9,73,387.66,139,105.04,297124,59.2
2009,9,7.6,112,92.04,178,223.58,494087,94.1
2009,9,7.0,161,104.43,133,24.06,375368,60.7
2010,1,8.6,223,77.24,112,234.23,152285,71.8
2010,1,7.6,260,145.94,99,81.0,344104,80.2
2010,1,6.5,140,87.86,85,41.92,319261,52.8
2010,1,4.5,296,79.08,122,43.15,245754,63.3
2010,1,5.7,127,156.52,165,216.19,166637,51.9
2010,3,4.7,126,191.3,122,143.69,265860,76.4
2010,3,7.0,98,60.54,112,60.67,365883,80.8
2010,3,7.4,112,65.61,124,234.26,1215,52.9
2010,3,8.1,131,141.1,93,57.1,344003,69.2
2010,5,6.9,28,16.26,105,229.94,72916,82.8
2010,5,7.5,228,13.15,143,150.79,118769,53.0
2010,6,6.3,101,428.48,134,109.8,283229,67.1
2010,6,5.7,166,2.0,175,176.79,303240,59.2
2010,8,6.6,283,209.01,92,143.58,103072,94.3
2010,8,5.6,291,151.61,130,103.29,290238,98.2
2010,8,7.3,33,120.91,99,143.12,440257,90.3
2010,9,7.9,113,112.37,138,40.23,268727,50.4
2011,1,4.9,202,68.77,108,90.99,127519,87.7
2011,1,4.7,90,168.29,133,70.73,479646,85.0
2011,2,5.7,28,22.47,130,104.84,165211,59.7
2011,2,6.7,132,203.7,105,27.08,92229,63.0
2011,2,9.0,81,34.97,90,67.38,376348,78.4
2011,2,8.6,66,205.42,124,88.92,271665,54.4
2011,3,7.9,84,693.94,159,222.66,312256,97.0
2011,3,5.5,206,121.62,167,15.3,324086,66.7
2011,3,8.2,292,203.53,114,221.1,499224,50.9
2011,3,8.7,233,102.69,157,151.12,294459,95.7
2011,4,5.3,125,400.8,154,209.9,71474,73.7
2011,4,7.8,168,127.23,117,229.61,257574,87.0
2011,4,7.1,87,244.08,138,23.65,140392,94.7
2011,4,7.0,37,231.81,147,109.71,340148,52.7
2011,4,5.3,123,120.91,173,48.1,146213,79.3
2011,5,6.7,197,80.63,145,110.35,485933,88.3
2011,5,5.0,22,151.36,104,177.48,217191,59.2
2011,5,8.7,76,15.39,87,102.95,111776,83.8
2011,5,7.1,248,110.43,91,53.88,110321,81.3
2011,7,6.0,242,24.79,116,108.03,169065,94.2
2011,7,5.3,73,22.1,150,217.73,292043,70.5
2011,7,6.4,281,230.16,179,112.34,114221,59.6
2011,7,8.4,117,167.24,111,239.91,183447,82.3
2011,7,5.4,210,191.25,96,106.66,469013,54.6
2011,7,6.3,263,3.36,138,69.25,269591,67.7
2011,8,8.9,138,13.38,170,110.71,485607,77.3
2011,8,5.1,226,74.59,137,173.73,358171,99.7
2011,8,6.6,104,89.86,156,109.39,308300,78.8
2011,8,6.1,298,2.39,136,69.0,52272,53.3
2011,8,5.8,136,1.73,128,209.83,222849,95.5
2011,9,9.0,52,82.33,85,126.16,23504,98.5
2011,9,5.3,262,74.83,140,20.8,457477,70.8
2011,9,5.6,198,35.72,177,160.16,21045,95.7
2011,9,4.7,27,292.06,106,165.85,331511,59.4
2011,9,5.1,15,203.85,145,108.56,58786,84.5
2012,1,9.1,166,116.09,177,148.67,387486,93.4
2012,1,6.9,103,164.11,122,234.34,277524,52.5
2012,1,8.3,255,230.76,97,243.03,142385,86.3
2012,2,7.9,84,76.04,127,22.14,386944,94.9
2012,2,8.6,140,46.64,145,203.36,316783,65.5
2012,2,7.3,112,53.91,163,214.14,128870,87.0
2012,2,8.9,116,210.12,161,229.13,220222,72.4
2012,2,4.9,132,74.33,119,220.12,92074,63.5
2012,3,8.9,19,491.75,178,207.59,274667,73.7
2012,3,7.3,172,28.69,146,147.19,62868,54.1
2012,3,9.0,263,80.3,152,72.68,177326,81.4
2012,3,7.7,41,63.92,104,204.12,375416,95.4
2012,4,9.2,161,147.21,169,29.23,257228,55.2
2012,4,4.9,238,44.13,150,237.83,141416,91.9
2012,4,8.4,208,310.92,122,233.62,361971,54.9
2012,6,8.6,95,166.61,121,20.94,116600,63.2
2012,7,8.8,259,199.88,94,140.61,486877,78.7
2012,7,7.1,158,123.45,97,248.07,273544,57.6
2012,7,7.6,89,104.0,151,209.35,464120,53.8
2012,7,7.4,26,41.9,143,135.13,306761,87.9
2012,8,5.3,246,377.72,174,76.22,249780,89.8
2012,8,5.6,203,369.29,127,133.91,277274,80.4
2012,8,6.8,86,397.37,174,164.85,198780,93.6
2012,8,5.4,174,131.8,164,190.44,296685,99.0
2012,9,6.9,202,108.04,115,82.81,166250,62.2
2012,9,7.1,137,16.42,88,228.22,413540,86.0
2012,9,5.0,289,54.99,149,89.59,425041,89.7
2012,9,5.8,162,122.44,143,168.96,182089,67.1
2013,1,6.3,225,72.95,138,38.89,129023,71.0
2013,1,8.9,101,112.38,88,74.95,451824,65.2
2013,1,5.6,259,579.18,124,238.13,351239,73.7
2013,1,8.8,150,89.81,97,234.29,210087,84.3
2013,2,8.4,75,228.5,108,104.29,351988,77.9
2013,2,5.6,121,41.54,163,198.97,63699,98.1
2013,2,5.9,52,601.82,120,92.92,77290,69.5
2013,3,5.3,57,16.33,139,125.51,370359,78.4
2013,3,5.7,82,11.96,87,227.69,16896,52.4
2013,4,8.6,116,150.02,173,185.25,370673,85.8
2013,4,4.8,172,122.8,143,168.33,102444,53.2
2013,5,9.2,130,196.68,119,104.34,122635,80.0
2013,5,7.2,156,145.03,158,207.84,80335,60.2
2013,5,5.0,189,590.11,169,29.58,499221,55.2
2013,7,8.6,52,71.87,122,163.07,199763,50.5
2013,8,5.3,178,7.99,116,191.5,163002,63.6
2013,8,7.4,290,18.92,136,46.34,9997,60.9
2013,8,5.3,44,135.51,140,143.14,237538,95.5
2013,9,6.3,186,72.5,166,164.04,154706,91.2
2013,9,8.7,71,107.17,101,21.81,348186,82.7
2014,1,5.6,191,89.43,127,24.3,295311,64.6
2014,2,5.4,274,91.02,158,209.77,84981,56.6
2014,2,5.7,182,91.88,93,94.74,49639,55.3
2014,3,4.5,85,399.26,163,11.53,174615,55.3
2014,3,8.1,169,254.95,90,21.69,197497,55.6
2014,4,7.8,80,372.96,151,221.04,365416,74.4
2014,5,7.1,18,278.92,89,244.81,408775,91.8
2014,5,9.0,83,354.77,109,180.27,137668,79.0
2014,5,6.5,58,222.48,111,91.92,235337,60.2
2014,6,8.1,187,30.87,115,48.45,334134,68.3
2014,6,4.9,197,69.58,151,225.51,367862,98.4
2014,6,8.4,64,15.78,116,149.98,42505,55.0
2014,6,5.0,168,193.99,138,171.54,356492,96.4
2014,6,4.9,131,249.0,106,247.22,32551,98.7
2014,6,8.8,193,26.66,161,29.03,122118,89.9
2014,6,7.5,279,34.31,136,205.45,83203,78.4
2014,7,4.7,62,170.4,136,61.36,258831,98.3
2014,8,8.4,210,441.74,170,244.55,90813,68.8
2014,8,7.4,212,214.75,96,58.37,498760,61.4
2014,8,4.8,149,49.46,129,171.97,90242,94.5
2014,9,5.7,16,105.99,122,48.86,50178,70.5
2014,9,7.2,209,60.75,85,11.0,74591,52.0
2014,9,8.6,28,21.52,176,204.87,30063,81.4
2015,1,7.9,65,4.79,169,243.71,436281,96.5
2015,1,9.0,142,190.5,112,34.82,217597,72.6
2015,1,6.9,121,363.15,116,247.48,250264,82.3
2015,2,8.8,133,124.73,119,75.28,412012,53.7
2015,2,9.0,261,86.3,101,129.99,113564,61.3
2015,2,6.0,104,119.04,165,204.32,151056,63.7
2015,2,7.5,89,75.99,160,15.76,450614,71.3
2015,2,6.2,140,179.24,163,145.5,252071,56.5
2015,2,6.0,67,89.89,146,85.1,257306,58.3
2015,4,6.0,293,65.22,171,248.94,474656,97.9
2015,4,7.2,148,78.07,164,23.69,34302,90.4
2015,4,4.9,107,838.39,112,54.47,164991,81.9
2015,4,7.7,89,64.6,89,112.59,393007,58.7
2015,5,6.1,176,38.95,177,92.26,436126,94.6
2015,5,7.7,55,194.6,144,137.65,166750,54.6
2015,5,5.0,161,109.35,102,70.55,88245,78.5
2015,5,6.3,77,15.51,179,85.79,115003,67.4
2015,5,5.2,227,159.19,174,81.19,394711,51.2
2015,5,6.7,274,137.01,89,105.84,385928,91.0
2015,6,5.9,152,117.73,133,16.88,305128,75.7
2015,6,7.9,132,659.23,164,33.62,114627,82.0
2015,6,5.6,169,133.82,142,244.77,169112,71.0
2015,7,6.6,274,469.63,178,42.3,205603,66.8
2015,7,7.0,285,401.07,139,171.4,65384,86.6
2015,7,5.6,15,1.52,124,219.49,376572,80.1
2015,7,6.2,224,169.77,123,29.24,430145,50.5
2015,7,6.2,281,63.52,145,78.55,259667,97.8
2015,8,9.1,98,415.6,102,18.32,138126,95.6
2015,8,8.6,164,123.18,97,163.83,25700,54.6
2015,8,7.1,100,2.43,146,118.42,40886,99.1
2015,8,6.2,96,221.96,169,169.97,136895,58.2
2015,8,8.3,197,307.74,160,204.44,346665,79.6
2015,8,8.0,130,222.41,173,77.99,401705,72.6
2016,1,8.5,151,127.94,121,62.29,250200,89.1
2016,1,8.4,197,143.53,116,221.99,26279,80.3
2016,1,7.5,271,315.54,156,152.96,84123,92.2
2016,1,6.7,51,282.51,99,60.33,372780,83.6
2016,2,6.3,61,247.75,96,148.45,32601,96.9
2016,2,5.7,287,93.35,179,88.47,25354,62.9
2016,2,7.3,141,389.59,85,21.61,21056,56.7
2016,3,8.4,42,175.72,134,122.24,306402,60.9
2016,3,5.3,163,98.74,146,239.1,243262,73.0
2016,3,8.4,217,118.68,148,74.51,442110,64.6
2016,3,6.0,59,70.08,143,74.6,107311,63.4
2016,4,7.1,293,216.32,135,29.58,197753,64.5
2016,4,8.4,118,42.32,101,130.07,461572,99.3
2016,4,7.4,187,25.98,174,228.72,384775,97.8
2016,5,8.6,202,413.09,147,84.03,279910,80.6
2016,5,8.2,50,201.5,147,22.31,278948,66.3
2016,5,7.6,178,7.07,179,169.32,120875,73.5
2016,5,6.5,30,277.99,94,109.56,432322,54.4
2016,5,4.9,239,73.07,90,58.55,411488,73.3
2016,5,5.1,276,4.31,99,90.21,58986,62.1
2016,5,5.6,65,150.04,169,110.41,204975,63.7
2016,5,4.8,105,52.81,156,11.55,494057,82.0
2016,5,4.9,228,187.12,120,164.97,29885,98.8
2016,6,6.8,154,320.13,137,150.36,26739,58.3
2016,7,7.7,127,156.5,179,34.06,175326,85.0
2016,7,5.0,156,339.56,124,40.13,144424,67.3
2016,7,7.2,170,324.38,126,170.9,464406,68.1
2016,7,7.6,34,55.88,153,142.13,420543,60.6
2016,7,5.0,122,642.97,114,148.51,230167,61.6
2016,8,6.9,103,289.87,168,72.06,342609,73.4
2016,8,5.8,86,29.38,104,22.1,357144,58.3
2016,9,7.6,250,80.35,95,223.76,382923,57.8
2017,1,5.3,166,301.29,122,235.25,373339,52.0
2017,1,5.2,61,94.71,132,218.42,469668,95.5
2017,1,9.2,156,80.29,167,206.82,121654,82.4
2017,2,7.4,176,36.51,168,95.31,216503,66.3
2017,2,9.0,235,25.92,116,82.59,176037,90.9
2017,3,5.6,240,52.58,115,141.73,398584,65.8
2017,3,9.1,61,57.09,129,186.25,363908,64.5
2017,3,5.4,171,42.66,99,139.67,289799,97.6
2017,3,5.7,44,2.34,162,130.01,363579,72.7
2017,4,6.6,253,70.15,124,116.04,202528,57.3
2017,4,8.5,139,78.83,110,203.0,414026,90.9
2017,5,4.6,173,1130.34,86,154.85,114758,71.9
2017,5,7.5,265,210.38,100,168.81,54634,81.5
2017,5,8.5,49,60.13,167,76.06,297902,56.3
2017,5,6.0,60,24.31,128,66.1,20782,63.0
2017,5,6.3,228,92.94,171,145.33,365633,98.0
2017,5,5.0,271,6.57,153,241.75,299276,95.4
2017,6,7.9,150,198.35,166,235.81,73635,90.5
2017,6,7.5,61,197.75,89,15.75,465432,78.9
2017,9,5.0,232,317.41,148,85.58,346197,78.5
2018,1,6.3,268,169.1,143,106.05,492966,51.8
2018,1,4.6,166,62.74,153,190.59,314940,52.0
2018,1,5.2,138,34.14,160,190.83,56514,74.9
2018,1,7.8,179,264.14,173,60.0,30813,90.9
2018,2,6.4,54,102.38,155,181.53,230047,54.8
2018,2,7.5,120,31.57,99,245.81,144933,78.9
2018,2,7.5,157,117.13,134,22.28,338213,82.4
2018,2,8.4,160,65.74,165,174.24,164996,82.3
2018,3,7.8,241,280.47,179,71.08,478793,99.8
2018,3,6.2,49,231.63,179,43.6,320348,71.9
2018,3,7.0,229,187.36,165,36.16,466417,79.7
2018,4,7.7,73,202.15,136,101.43,444833,74.6
2018,6,8.2,126,214.6,112,13.89,24834,70.0
2018,6,5.5,40,458.31,129,155.44,340125,53.4
2018,6,7.1,138,20.05,123,178.51,251606,72.1
2018,6,7.2,127,148.12,140,54.27,235847,76.4
2018,6,8.7,130,103.8,110,93.99,127082,79.8
2018,6,8.0,176,119.12,97,213.07,30709,68.7
2018,7,8.2,230,59.52,147,53.39,184500,99.1
2018,7,6.6,274,18.2,118,51.24,227486,95.3
2018,7,5.8,279,69.18,110,131.07,47233,96.7
2018,8,5.4,75,9.38,130,217.86,177284,59.0
2018,8,6.2,295,23.29,110,10.01,453082,64.1
2018,8,7.0,156,25.68,176,70.21,208968,69.3
2018,8,6.4,125,264.8,109,146.87,80183,60.3
2018,8,5.6,193,178.92,178,143.23,40041,62.6
2018,9,9.2,68,191.87,178,62.91,438282,59.3
2018,9,8.1,235,168.98,144,241.78,498666,62.0
2018,9,8.0,134,228.61,141,95.13,50699,62.1
2019,1,6.6,203,76.86,166,13.1,138152,52.7
2019,1,6.1,60,10.62,128,206.92,139454,96.3
2019,1,6.3,222,78.67,85,201.68,380553,54.6
2019,2,4.9,230,312.53,132,92.99,235941,88.4
2019,2,4.7,157,92.14,124,112.97,233117,79.0
2019,2,7.1,148,259.88,122,214.28,385157,54.1
2019,3,6.4,77,314.77,140,13.9,455598,71.6
2019,3,8.6,63,1.73,169,149.35,408487,95.7
2019,3,7.7,229,18.68,95,54.36,345407,71.7
2019,3,8.9,259,49.49,160,110.8,155672,59.6
2019,3,8.9,84,210.28,176,153.27,306063,84.1
2019,4,4.7,57,400.19,104,158.65,429909,66.3
2019,4,8.4,129,61.64,166,139.93,193376,78.8
2019,5,4.5,233,19.17,122,50.37,485972,80.1
2019,5,6.3,97,227.62,165,121.88,247864,72.8
2019,5,7.7,187,277.08,154,107.28,480653,53.4
2019,6,6.6,152,794.19,120,34.68,291373,75.2
2019,6,8.6,241,213.49,116,213.99,266039,58.5
2019,6,6.9,55,102.03,132,108.59,295507,85.0
2019,6,6.0,140,310.39,151,231.38,122169,56.3
2019,7,5.3,33,293.8,145,110.13,250329,55.3
2019,7,6.9,181,483.46,119,13.28,335071,75.6
2019,8,7.6,205,7.99,99,158.6,468435,84.7
2019,8,6.3,141,1.01,177,64.43,163448,89.7
2019,8,9.1,253,107.7,140,31.07,137066,82.8
2019,8,5.2,67,139.49,128,215.74,1882,60.6
2019,9,4.6,211,270.64,165,161.53,227599,65.2
2019,9,6.2,39,83.66,120,184.95,110779,97.8
2019,9,7.2,164,108.75,149,204.99,27081,50.7
2019,9,7.0,230,38.57,169,106.35,41860,59.9
2020,1,8.3,176,46.99,155,73.82,12516,91.6
2020,1,8.1,131,220.96,96,83.73,115165,66.6
2020,1,7.2,22,191.98,170,156.43,476859,80.9
2020,1,7.6,239,453.75,160,106.08,354791,97.2
2020,1,4.8,183,34.12,164,249.27,283803,58.3
2020,2,8.1,63,46.52,152,75.16,279518,88.2
2020,2,6.3,215,59.41,150,147.73,455823,69.2
2020,2,5.2,114,51.69,88,239.61,214988,65.6
2020,2,5.3,118,63.42,131,197.25,216705,92.8
2020,2,8.9,185,320.01,126,222.68,350317,89.7
2020,3,6.6,143,98.54,118,136.11,372909,64.1
2020,3,7.4,254,124.4,92,153.66,290304,91.6
2020,3,4.5,280,36.25,95,44.88,316508,52.5
2020,4,9.0,100,25.91,178,130.58,243887,75.9
2020,4,7.2,79,317.22,168,91.14,266369,67.4
2020,5,8.9,38,124.86,168,113.51,263048,50.6
2020,5,7.0,186,488.62,173,124.58,107102,56.7
2020,5,7.6,192,88.01,100,236.98,71268,70.8
2020,6,7.2,34,229.19,111,161.16,260590,63.8
2020,6,9.0,282,104.3,160,116.09,369444,79.7
2020,7,8.2,181,98.47,150,60.48,11345,83.2
2020,7,9.2,36,37.64,147,14.83,117220,55.2
2020,8,8.6,115,62.41,163,185.56,414867,66.4
2020,8,6.0,229,20.88,146,97.56,257433,68.6
2020,8,5.2,82,56.09,164,91.43,234294,65.4
2020,9,4.6,212,445.94,153,105.44,155721,84.1
2020,9,7.4,282,181.03,152,237.03,101625,63.9
2020,9,7.1,88,296.55,121,216.74,361466,63.6
2021,1,8.6,216,429.66,92,212.61,298124,54.3
2021,1,6.4,282,0.07,178,154.22,105186,94.5
2021,1,5.3,167,60.85,97,208.83,298542,85.0
2021,1,8.9,87,36.38,167,44.21,228459,82.4
2021,2,8.1,174,113.49,128,81.35,352300,68.1
2021,2,8.7,172,274.71,148,169.61,33574,69.4
2021,3,7.4,71,118.73,140,206.41,297618,52.9
2021,3,6.3,18,55.68,147,16.17,263204,99.4
2021,3,7.3,291,109.1,171,164.55,153049,61.6
2021,3,8.3,161,28.33,138,116.22,147702,73.2
2021,4,4.5,212,171.95,114,65.55,238919,74.2
2021,4,9.0,217,18.98,137,38.91,71934,67.6
2021,5,7.5,56,39.6,171,232.93,430763,77.8
2021,5,5.3,158,64.66,128,239.51,479859,57.3
2021,6,6.9,225,94.38,163,112.83,75694,75.1
2021,6,4.9,204,3.13,155,129.55,10196,72.2
2021,6,6.6,135,285.04,156,89.52,208348,66.0
2021,6,5.1,40,11.03,104,142.57,326800,70.5
2021,6,5.6,141,363.75,120,40.47,34324,91.7
2021,6,9.2,202,267.01,90,65.73,225522,62.6
2021,7,7.3,134,4.7,161,105.02,190637,84.3
2021,7,7.9,53,175.57,141,226.58,351321,75.2
2021,7,7.5,122,14.49,116,201.95,454054,88.7
2021,7,7.7,16,86.54,140,20.58,83844,63.7
2021,7,5.8,242,79.62,174,189.97,477616,65.4
2021,8,6.5,146,31.04,101,145.8,175673,62.1
2021,8,8.0,36,477.3,88,216.04,127218,99.2
2021,9,6.2,162,200.4,105,210.39,369481,65.9
2021,9,7.2,162,294.73,172,201.4,394369,83.0
2022,1,4.8,26,47.52,129,222.68,193898,54.2
2022,1,5.1,127,362.98,142,83.54,421173,68.8
2022,1,4.9,248,78.54,111,53.41,250527,91.9
2022,1,8.3,60,27.4,157,107.77,36709,57.2
2022,2,8.1,145,599.75,155,171.1,252713,64.1
2022,2,5.7,247,130.91,157,30.67,99970,94.4
2022,2,5.4,160,35.95,101,193.29,16479,56.7
2022,2,5.2,70,60.88,140,66.86,343553,73.8
2022,2,5.6,123,231.52,170,126.11,142753,79.8
2022,2,5.1,260,130.89,140,123.2,482184,61.7
2022,3,5.9,224,164.04,172,131.37,417561,62.8
2022,4,5.2,264,138.68,111,104.06,231881,69.4
2022,4,7.6,257,161.43,159,171.72,72537,83.0
2022,4,7.2,121,8.92,94,172.33,194946,88.6
2022,4,4.9,274,48.35,136,237.02,292655,73.3
2022,5,7.2,204,92.43,94,33.19,156063,95.4
2022,5,8.5,84,46.71,86,225.18,454355,75.0
2022,5,7.6,278,2.02,101,62.96,238103,81.4
2022,6,5.8,31,139.51,137,115.57,201173,52.6
2022,7,5.1,191,6.84,143,89.27,27950,80.3
2022,7,7.9,170,9.49,97,40.8,420748,70.2
2022,7,5.3,272,37.36,148,132.81,266864,91.3
2022,7,8.2,68,197.13,105,120.04,265140,57.1
2022,8,5.4,17,44.0,134,184.81,121494,75.2
2022,8,6.7,35,96.2,139,177.32,108357,91.4
2022,8,7.3,277,347.48,113,91.83,326038,73.0
2022,8,4.6,289,63.38,109,172.16,36897,76.3
2022,8,6.1,237,4.49,142,39.59,342073,98.6
2022,9,4.9,22,248.16,106,40.44,111114,80.9
2022,9,4.9,42,3.0,108,227.92,4114,53.4
2022,9,7.1,276,72.05,145,208.88,228043,84.6
2023,1,9.0,268,288.85,132,186.2,397025,93.8
2023,1,8.2,290,148.33,85,202.72,57633,98.7
2023,2,6.9,168,33.68,151,108.32,310835,62.2
2023,2,5.1,264,52.63,102,146.17,316929,55.3
2023,3,6.6,88,193.57,145,227.02,119686,70.3
2023,3,7.5,161,113.86,173,133.29,111489,92.5
2023,4,7.7,210,9.24,138,56.42,442733,56.7
2023,4,6.0,289,732.78,168,10.27,443037,71.4
2023,4,5.9,124,184.9,90,55.58,212428,69.7
2023,5,7.3,30,281.86,156,162.09,469351,88.0
2023,5,8.6,44,187.22,137,148.81,357918,55.1
2023,6,8.8,135,31.43,97,162.5,198223,71.8
2023,6,8.0,241,91.94,172,89.67,305962,52.7
2023,6,6.2,69,108.44,137,223.69,467995,66.6
2023,6,8.4,35,80.66,165,158.11,24065,88.5
2023,7,6.6,45,85.77,139,30.05,458820,61.3
2023,7,4.6,157,197.36,123,78.29,272413,80.5
2023,7,5.4,269,55.41,153,165.7,366391,92.1
2023,7,9.0,257,412.96,170,102.81,289763,55.3
2023,8,5.2,146,12.95,107,45.14,283152,51.8
2023,8,9.1,81,31.82,163,54.79,33634,75.7
2023,8,7.7,123,227.8,114,220.03,405576,72.3
2023,9,8.6,237,339.11,158,137.51,263607,96.6
2023,9,5.2,196,11.92,167,32.89,260021,65.0
2023,9,9.0,127,229.86,94,67.76,12049,72.4
2023,9,5.2,163,151.03,121,51.86,108051,58.8
2023,9,8.6,197,133.19,154,38.79,397419,58.2
2024,1,6.7,274,71.06,121,133.38,55970,75.8
2024,1,7.3,105,117.29,160,140.64,392860,75.2
2024,1,6.6,197,149.42,114,23.1,451689,65.5
2024,1,7.7,298,72.87,107,127.16,383526,89.0
2024,2,8.0,168,458.71,104,154.76,375796,75.0
2024,2,4.9,264,170.44,123,113.12,487121,87.7
2024,2,6.9,203,167.78,124,170.53,373050,65.2
2024,2,7.2,45,73.22,97,132.54,172128,98.1
2024,3,7.1,143,21.15,109,64.26,408861,95.4
2024,3,6.4,291,209.54,165,169.13,307531,82.1
2024,4,8.4,29,254.26,126,60.12,108041,61.9
2024,4,5.2,295,80.41,116,130.14,464956,56.8
2024,5,6.0,243,30.28,90,171.06,9802,53.1
2024,5,7.3,139,299.22,161,80.58,388355,79.8
2024,5,5.7,180,39.04,150,139.9,91697,67.0
2024,5,8.2,179,79.42,176,186.41,247060,78.9
2024,6,8.4,74,103.54,159,175.13,184163,63.1
2024,6,8.6,268,273.27,87,19.66,419680,80.1
2024,6,6.0,275,6.38,103,141.97,290532,82.4
2024,6,6.5,228,37.1,113,148.09,145401,85.8
2024,6,5.3,170,67.97,146,67.67,440256,97.1
2024,6,6.1,265,37.36,157,35.32,348526,61.9
2024,6,8.5,107,18.53,101,39.84,286904,64.7
2024,6,6.3,31,61.35,149,57.11,158977,95.5
2024,7,6.5,191,59.01,166,19.67,218070,61.2
2024,8,4.9,262,52.49,153,32.79,329910,66.7
2024,9,6.8,63,17.29,156,213.25,241489,51.9
2024,9,9.1,190,261.26,101,149.85,435091,76.8
2024,9,8.6,136,136.36,142,101.71,155961,99.0
2024,9,5.7,97,15.03,102,198.01,247231,81.6
2025,1,6.7,92,129.83,119,232.35,404359,80.5
2025,1,6.2,100,61.72,131,200.52,450813,90.0
2025,1,7.3,206,74.6,110,245.0,399113,84.5
2025,1,5.7,232,603.02,100,198.03,243580,88.2
2025,1,6.4,299,194.04,138,125.99,282411,81.2
2025,1,5.6,207,300.59,160,33.27,276160,67.7
2025,1,7.9,294,350.82,163,123.22,433015,87.0
2025,1,6.8,245,44.81,132,216.09,209606,99.9
2025,2,8.7,104,260.4,85,239.95,467933,90.2
2025,2,8.0,123,96.93,132,53.48,179838,72.4
2025,2,8.5,107,56.28,161,152.86,446096,85.1
2025,3,5.3,44,150.94,104,63.44,272409,78.5
2025,3,4.6,89,223.02,146,219.67,287610,58.1
2025,3,6.1,281,135.71,93,61.92,93172,62.9
2025,3,6.8,266,323.61,154,95.16,179986,83.7
2025,4,4.6,273,246.91,112,143.89,461116,91.7
2025,5,8.4,216,201.72,133,211.4,162040,55.6
2025,5,9.1,42,13.21,167,220.73,477874,80.5
2025,5,7.0,174,43.83,172,52.5,303862,96.3
2025,5,6.0,51,30.08,156,85.02,61038,58.2
2025,6,5.4,244,356.6,112,70.28,203211,74.2
2025,6,5.7,120,118.77,168,192.44,141202,78.2
2025,6,6.4,115,14.27,134,226.06,355835,52.0
2025,6,7.0,168,84.34,170,180.91,335248,63.9
2025,7,6.0,206,315.13,113,99.93,266919,93.9
2025,7,7.3,192,138.6,121,16.68,221934,92.8
2025,7,8.1,156,137.86,177,52.52,393818,84.6
2025,7,4.6,206,23.31,136,101.97,73902,66.1
2025,7,8.0,55,421.14,121,105.47,303039,93.3
2025,7,5.6,291,12.04,142,95.95,430069,91.0
2025,7,7.7,62,108.11,156,90.49,230530,73.4
2025,7,4.7,177,217.1,115,134.34,213235,58.4
2025,7,4.9,49,10.89,142,41.37,299254,81.5
2025,8,4.5,176,84.46,130,113.87,449781,92.8
2025,8,6.6,55,119.64,117,153.87,218726,59.1
2025,8,8.4,218,114.87,104,197.78,376233,93.4
2025,8,7.6,153,39.55,99,148.14,210755,81.2
2025,9,6.1,83,48.49,148,96.51,131744,69.3
2025,9,5.2,190,269.04,157,77.34,150172,52.0
2025,9,5.5,264,70.15,146,95.87,266372,51.3
2025,9,4.9,49,50.43,146,78.93,96965,91.0
2025,9,8.2,236,257.72,101,65.46,369615,76.8
2025,9,5.8,125,34.84,119,126.68,397456,70.2
2025,9,8.0,68,193.29,152,238.57,22584,68.9
2026,1,6.4,46,73.24,87,75.27,328920,51.4
2026,1,6.3,145,59.25,97,197.16,19557,57.1
2026,1,8.9,262,133.9,106,161.78,36525,76.6
2026,2,7.4,36,396.05,87,197.08,331833,67.7
2026,2,6.6,73,38.21,94,230.42,154885,98.0
2026,2,6.7,128,325.23,149,233.86,340499,57.2
2026,3,8.4,34,18.5,154,88.05,357066,74.1
2026,3,9.0,262,157.88,89,65.2,160379,96.8
2026,4,4.5,71,168.65,106,147.53,117944,61.8
2026,4,6.7,234,163.15,96,137.19,400665,56.5
2026,4,8.6,82,110.89,92,173.81,471455,95.4
2026,4,6.7,252,43.92,133,145.34,331090,67.1
2026,4,6.3,90,31.87,156,81.12,50768,63.3
2026,4,7.3,139,35.36,119,185.41,432978,77.5
2026,4,5.7,89,34.16,156,147.31,190518,70.2
2026,5,8.8,236,166.78,151,242.64,268673,74.5
2026,6,4.9,284,197.58,130,189.3,451985,84.8
2026,6,8.5,111,55.66,137,124.85,173857,91.2
2026,6,7.3,178,88.69,170,104.45,378864,69.1
2026,7,6.0,27,213.13,103,91.42,273502,61.7
2026,8,7.3,265,19.52,88,193.97,50589,98.2
2026,8,8.3,55,85.73,112,100.68,253364,66.0
2026,9,7.0,175,26.85,99,248.22,364107,82.1
